{"anneal_time":{"0":10.0,"1":10.0,"2":10.0,"3":10.0,"4":10.0,"5":10.0,"6":10.0,"7":10.0,"8":10.0,"9":10.0,"10":10.0,"11":10.0,"12":10.0,"13":10.0,"14":10.0,"15":100.0,"16":100.0,"17":100.0,"18":100.0,"19":100.0,"20":100.0,"21":100.0,"22":100.0,"23":100.0,"24":100.0,"25":100.0,"26":100.0,"27":100.0,"28":100.0,"29":100.0,"30":500.0,"31":500.0,"32":500.0,"33":500.0,"34":500.0,"35":500.0,"36":500.0,"37":500.0,"38":500.0,"39":500.0,"40":500.0,"41":500.0,"42":500.0,"43":500.0,"44":500.0},"pause_duration":{"0":10.0,"1":10.0,"2":10.0,"3":10.0,"4":10.0,"5":100.0,"6":100.0,"7":100.0,"8":100.0,"9":100.0,"10":500.0,"11":500.0,"12":500.0,"13":500.0,"14":500.0,"15":10.0,"16":10.0,"17":10.0,"18":10.0,"19":10.0,"20":100.0,"21":100.0,"22":100.0,"23":100.0,"24":100.0,"25":500.0,"26":500.0,"27":500.0,"28":500.0,"29":500.0,"30":10.0,"31":10.0,"32":10.0,"33":10.0,"34":10.0,"35":100.0,"36":100.0,"37":100.0,"38":100.0,"39":100.0,"40":500.0,"41":500.0,"42":500.0,"43":500.0,"44":500.0},"s_feature":{"0":0.2,"1":0.3,"2":0.4,"3":0.5,"4":0.6,"5":0.2,"6":0.3,"7":0.4,"8":0.5,"9":0.6,"10":0.2,"11":0.3,"12":0.4,"13":0.5,"14":0.6,"15":0.2,"16":0.3,"17":0.4,"18":0.5,"19":0.6,"20":0.2,"21":0.3,"22":0.4,"23":0.5,"24":0.6,"25":0.2,"26":0.3,"27":0.4,"28":0.5,"29":0.6,"30":0.2,"31":0.3,"32":0.4,"33":0.5,"34":0.6,"35":0.2,"36":0.3,"37":0.4,"38":0.5,"39":0.6,"40":0.2,"41":0.3,"42":0.4,"43":0.5,"44":0.6},"success_frac":{"0":0.04,"1":0.0347368421,"2":0.1189473684,"3":0.0589473684,"4":0.0968421053,"5":0.0547368421,"6":0.04,"7":0.3568421053,"8":0.0747368421,"9":0.0578947368,"10":0.0515789474,"11":0.0273684211,"12":0.5463157895,"13":0.0757894737,"14":0.0431578947,"15":0.1084210526,"16":0.1147368421,"17":0.1063157895,"18":0.1052631579,"19":0.0873684211,"20":0.0936842105,"21":0.0894736842,"22":0.3252631579,"23":0.1221052632,"24":0.0736842105,"25":0.0873684211,"26":0.0578947368,"27":0.5168421053,"28":0.1242105263,"29":0.0673684211,"30":0.1905263158,"31":0.1957894737,"32":0.2463157895,"33":0.2021052632,"34":0.2273684211,"35":0.2,"36":0.2347368421,"37":0.3736842105,"38":0.2,"39":0.1684210526,"40":0.1768421053,"41":0.1547368421,"42":0.5105263158,"43":0.1873684211,"44":0.1715789474}}